precision,recall,f1,accuracy
0.8662216066559941,0.8655778894472361,0.865722575936814,0.8655778894472361
